{
    "v0_float32": {
        "version": "v0_float32",
        "storage_mb": 79.5377426147461,
        "static_ram_mb": 99.31640625,
        "peak_ram_mb": 365.82421875,
        "latency_ms": 74.32443228546097,
        "accuracy_drop": 0.0
    },
    "v1_fp16": {
        "version": "v1_fp16",
        "storage_mb": 42.976613998413086,
        "static_ram_mb": 112.7890625,
        "peak_ram_mb": 364.56640625,
        "latency_ms": 93.57981342899231,
        "accuracy_drop": 0.025718629360198975
    },
    "v1_fp16_proper": {
        "version": "v1_fp16_proper",
        "storage_mb": 42.976613998413086,
        "static_ram_mb": 113.37109375,
        "peak_ram_mb": 365.14453125,
        "latency_ms": 92.16987371369864,
        "accuracy_drop": 0.025718629360198975
    },
    "v2_int8": {
        "version": "v2_int8",
        "storage_mb": 20.477428436279297,
        "static_ram_mb": 20.125,
        "peak_ram_mb": 468.0859375,
        "latency_ms": 62.97381957171768,
        "accuracy_drop": 0.2624827027320862
    }
}